{
	"$schema": "https://schemas.wp.org/trunk/theme.json",
	"title": "FusionSky",
	"version": 2,
	"settings": {
		"color": {
			"duotone": [
				{
					"colors": ["#d61935", "#e3f2f2"],
					"slug": "primary-and-secondary",
					"name": "Primary and secondary"
				},
				{
					"colors": ["#d61935", "#ffeae6"],
					"slug": "primary-and-tertiary",
					"name": "Primary and tertiary"
				},
				{
					"colors": ["#e3f2f2", "#d61935"],
					"slug": "secondary-and-primary",
					"name": "Secondary and primary"
				},
				{
					"colors": ["#010101", "#ffffff"],
					"slug": "foreground-and-background",
					"name": "Foreground and background"
				},
				{
					"colors": ["#0B51C2", "#000000"],
					"slug": "primary-foreground",
					"name": "Primary and Foreground"
				}
			],
			"palette": [
				{
					"slug": "foreground",
					"color": "#000000",
					"name": "Foreground"
				},
				{
					"slug": "background",
					"color": "#ffffff",
					"name": "Background"
				},
				{
					"slug": "primary",
					"color": "#0B51C2",
					"name": "Primary"
				},
				{
					"slug": "secondary",
					"color": "#C4FF47",
					"name": "Secondary"
				},
				{
					"slug": "tertiary",
					"color": "#F9FAFE",
					"name": "Tertiary"
				},
				{
					"slug": "foreground-alt",
					"color": "#333333",
					"name": "foreground Alt"
				}
			]
		},
		"custom": {
			"elements": {
				"button": {
					"border": {
						"radius": "2rem",
						"color": "var(--wp--preset--color--secondary)",
						"width": "2px"
					},
					"color": {
						"background": "var(--wp--preset--color--secondary)",
						"text": "var(--wp--preset--color--foreground)"
					},
					"spacing": {
						"padding": {
							"bottom": "calc(0.667em + 2px)",
							"left": "calc(1.333em + 2px)",
							"right": "calc(1.333em + 2px)",
							"top": "calc(0.667em + 2px)"
						}
					},
					"typography": {
						"fontSize": "1.125rem",
						"fontWeight": "var(--wp--custom--typography--font-weight--semi-bold)",
						"lineHeight": "var(--wp--custom--typography--line-height--normal)"
					}
				},
				"input": {
					"border": {
						"radius": "4px",
						"width": "1px",
						"color": "var(--wp--preset--color--foreground)"
					},
					"color": {
						"background": "var(--wp--preset--color--background)",
						"text": "var(--wp--preset--color--foreground)"
					},
					"spacing": {
						"padding": {
							"bottom": "calc(0.667em + 1px)",
							"left": "calc(1.333em + 1px)",
							"right": "calc(1.333em + 1px)",
							"top": "calc(0.667em + 1px)"
						}
					},
					"typography": {
						"fontSize": "inherit",
						"fontWeight": "var(--wp--custom--font-weight--regular)",
						"lineHeight": "var(--wp--custom--typography--line-height--normal)"
					}
				}
			}
		}
	},
	"styles": {
		"color": {
			"text": "var(--wp--preset--color--foreground-alt)"
		},
		"elements": {
			"button": {
				"color": {
					"background": "var(--wp--preset--color--secondary)",
					"text": "var(--wp--preset--color--foreground)"
				},
				"typography": {
					"fontSize": "inherit",
					"fontWeight": "var(--wp--custom--typography--font-weight--medium)",
					"lineHeight": "inherit"
				},
				":visited": {
					"color": {
						"text": "var(--wp--preset--color--foreground)"
					}
				}
			},
			"h1": {
				"typography": {
					"fontWeight": "400"
				}
			},
			"h2": {
				"typography": {
					"fontWeight": "400"
				}
			},
			"h3": {
				"typography": {
					"fontWeight": "500"
				}
			},
			"h4": {
				"typography": {
					"fontWeight": "500"
				}
			},
			"h5": {
				"typography": {
					"fontWeight": "500"
				}
			},
			"h6": {
				"typography": {
					"fontWeight": "500"
				}
			},
			"heading": {
				"color": {
					"text": "var(--wp--preset--color--foreground)"
				},
				"typography": {
					"fontFamily": "var(--wp--preset--font-family--jost)"
				}
			}
		},
		"typography": {
			"fontFamily": "var(--wp--preset--font-family--mulish)"
		}
	}
}
