{
	"$schema": "https://schemas.wp.org/trunk/theme.json",
	"title": "Hong Kong",
	"version": 2,
	"settings": {
		"color": {
			"duotone": [
				{
					"colors": ["#c6120d", "#f1e3e1"],
					"slug": "foreground-and-background",
					"name": "Foreground and background"
				},
				{
					"colors": ["#f1e3e1", "#c6120d"],
					"slug": "background-and-foreground",
					"name": "Background and foreground"
				},
				{
					"colors": ["#dc1912", "#edc7c7"],
					"slug": "primary-and-secondary",
					"name": "Primary and secondary"
				},
				{
					"colors": ["#A30026", "#a40e26"],
					"slug": "primary-foreground",
					"name": "Primary and Foreground"
				}
			],
			"palette": [
				{
					"slug": "background",
					"color": "#ffebe9",
					"name": "Background"
				},
				{
					"slug": "foreground",
					"color": "#a40e26",
					"name": "Foreground"
				},
				{
					"slug": "primary",
					"color": "#A30026",
					"name": "Primary"
				},
				{
					"slug": "secondary",
					"color": "#ffcecb",
					"name": "Secondary"
				},
				{
					"slug": "tertiary",
					"color": "#ffffff",
					"name": "Background Alt"
				}
			]
		},
		"custom": {
			"elements": {
				"button": {
					"border": {
						"radius": "8px",
						"color": "var(--wp--preset--color--primary)",
						"width": "2px"
					},
					"color": {
						"background": "var(--wp--preset--color--primary)",
						"text": "var(--wp--preset--color--tertiary)"
					},
					"spacing": {
						"padding": {
							"bottom": "calc(0.667em + 2px)",
							"left": "calc(1.333em + 2px)",
							"right": "calc(1.333em + 2px)",
							"top": "calc(0.667em + 2px)"
						}
					},
					"typography": {
						"fontSize": "var(--wp--preset--font-size--small)",
						"textTransform": "uppercase",
						"letterSpacing": "0.15rem",
						"fontWeight": "400"
					}
				},
				"input": {
					"border": {
						"radius": "8px"
					}
				}
			},
			"spacing": {
				"small": "min(3rem, 4vw)"
			}
		}
	},
	"styles": {
		"blocks": {
			"core/comments-title": {
				"typography": {
					"fontSize": "var(--wp--preset--font-size--x-large)",
					"fontWeight": "400"
				}
			},
			"core/pullquote": {
				"border": {
					"color": "var(--wp--preset--color--primary)"
				}
			},
			"core/query-pagination-next": {
				"typography": {
					"fontWeight": "400"
				}
			},
			"core/query-pagination-numbers": {
				"typography": {
					"fontWeight": "400"
				}
			},
			"core/query-pagination-previous": {
				"typography": {
					"fontWeight": "400"
				}
			},
			"core/site-title": {
				"typography": {
					"fontFamily": "var(--wp--preset--font-family--heading)",
					"fontSize": "var(--wp--preset--font-size--large)",
					"fontWeight": "var(--wp--custom--typography--font-weight--bold)",
					"lineHeight": "var(--wp--custom--typography--line-height--tiny)"
				}
			}
		},
		"elements": {
			"button": {
				"border": {
					"radius": "0.5rem"
				},
				"typography": {
					"fontSize": "var(--wp--preset--font-size--small)",
					"textTransform": "uppercase",
					"letterSpacing": "0.15rem",
					"fontWeight": "400"
				},
				":hover": {
					"color": {
						"background": "var(--wp--preset--color--secondary)",
						"text": "var(--wp--preset--color--primary)"
					}
				},
				":focus": {
					"color": {
						"background": "var(--wp--preset--color--secondary)",
						"text": "var(--wp--preset--color--primary)"
					}
				},
				":active": {
					"color": {
						"background": "var(--wp--preset--color--primary)",
						"text": "var(--wp--preset--color--background)"
					}
				}
			},
			"h1": {
				"typography": {
					"fontWeight": "700",
					"letterSpacing": "normal"
				}
			},
			"h2": {
				"typography": {
					"fontWeight": "700",
					"letterSpacing": "normal"
				}
			},
			"h3": {
				"typography": {
					"fontWeight": "700",
					"letterSpacing": "normal"
				}
			},
			"h4": {
				"typography": {
					"fontWeight": "700",
					"letterSpacing": "normal"
				}
			},
			"h5": {
				"typography": {
					"fontWeight": "700",
					"letterSpacing": "normal"
				}
			},
			"h6": {
				"typography": {
					"fontWeight": "700",
					"letterSpacing": "normal"
				}
			},
			"heading": {
				"typography": {
					"fontFamily": "var(--wp--preset--font-family--space-mono)"
				}
			}
		},
		"typography": {
			"fontFamily": "var(--wp--preset--font-family--space-mono)",
			"fontSize": "1rem",
			"fontWeight": "400",
			"lineHeight": "var(--wp--custom--typography--line-height--large)"
		}
	}
}
